{
  "train_loss": [
    1.0875656604766846,
    1.0586809476216634,
    1.0260650475819906,
    1.0097933530807495,
    0.9875982999801636,
    0.9635537783304851,
    0.9472773790359497,
    0.9301773071289062,
    0.9160856207211813,
    0.9005173524220784,
    0.8770398219426473,
    0.8647530992825826,
    0.8508539636929829,
    0.8382540384928385,
    0.8194491227467855,
    0.8107568264007569,
    0.7916682879130046,
    0.7773483236630757,
    0.7673361142476399,
    0.7550694942474365,
    0.7374384959538778,
    0.7248197833697001,
    0.7073874950408936,
    0.7034345110257466,
    0.6882944663365682,
    0.6808707555135091,
    0.659421980381012,
    0.6424396594365438,
    0.6439150452613831,
    0.6399879376093547,
    0.6213412125905354,
    0.6082081397374471,
    0.6019616564114888,
    0.6015396118164062,
    0.5951810836791992,
    0.5924790064493816,
    0.592064372698466,
    0.5790987571080526,
    0.5811148881912231,
    0.591413160165151,
    0.5569151163101196,
    0.5596333026885987,
    0.5588188807169596,
    0.5549139142036438,
    0.5608030080795288,
    0.5423926611741384,
    0.5387663880983988,
    0.5346264918645223,
    0.5260373612244924,
    0.5308098375797272,
    0.529205463329951,
    0.5335525274276733,
    0.5149942298730215,
    0.5058502733707428,
    0.5171600461006165,
    0.50100510319074,
    0.4932661970456441,
    0.5049554169178009,
    0.49802794853846233,
    0.4894507090250651,
    0.4975672443707784,
    0.4990522881348928,
    0.4915359934171041,
    0.5026281932989757,
    0.48698169390360513,
    0.49145320653915403,
    0.4930252770582835,
    0.4773228347301483,
    0.4825502653916677,
    0.48568269809087117,
    0.48864039182662966,
    0.48057528932889304,
    0.47011062502861023,
    0.4719836453596751,
    0.4662611981232961,
    0.4766579270362854,
    0.4704522709051768,
    0.46969327529271443
  ],
  "val_loss": [
    1.0011755973100662,
    1.000088557600975,
    0.9953008443117142,
    0.986116498708725,
    0.9727801382541656,
    0.96342334151268,
    0.9454700201749802,
    0.926196277141571,
    0.9154984652996063,
    0.907789558172226,
    0.8979862630367279,
    0.8906822949647903,
    0.8879446983337402,
    0.88143290579319,
    0.8794107735157013,
    0.872757762670517,
    0.8654789924621582,
    0.8602107465267181,
    0.8685075640678406,
    0.8573301732540131,
    0.8646686673164368,
    0.8488488793373108,
    0.8509359061717987,
    0.8502315133810043,
    0.8574288189411163,
    0.835491418838501,
    0.847555935382843,
    0.8438128530979156,
    0.8335699290037155,
    0.8413438200950623,
    0.8369549363851547,
    0.8476349264383316,
    0.8451771587133408,
    0.8499852120876312,
    0.8388460129499435,
    0.8451455980539322,
    0.844843253493309,
    0.8393748849630356,
    0.8426441103219986,
    0.8514357209205627,
    0.8509666174650192,
    0.853961780667305,
    0.8508178293704987,
    0.8572208732366562,
    0.8436733335256577,
    0.8452233374118805,
    0.8509531617164612,
    0.8458358347415924,
    0.8374988287687302,
    0.8411552011966705,
    0.8429047465324402,
    0.8424140512943268,
    0.8439727574586868,
    0.8463163375854492,
    0.847983255982399,
    0.8516164869070053,
    0.8468227833509445,
    0.8524211794137955,
    0.8551335334777832,
    0.8471507579088211,
    0.8468529582023621,
    0.8488338887691498,
    0.8506357371807098,
    0.849455788731575,
    0.8459393233060837,
    0.8480366468429565,
    0.8491286039352417,
    0.8472688496112823,
    0.850837841629982,
    0.8479446619749069,
    0.8508983999490738,
    0.8493879586458206,
    0.8480881452560425,
    0.8486347794532776,
    0.8500490039587021,
    0.8527955114841461,
    0.8566317856311798,
    0.8496232777833939
  ],
  "val_score": [
    0.5,
    0.49888369858311754,
    0.4779718948061675,
    0.5003318360858362,
    0.5179681233312077,
    0.5202159734040891,
    0.5223142423871882,
    0.5082531259742024,
    0.5127519518748274,
    0.5203485659425481,
    0.5187365922788121,
    0.5203908444090674,
    0.5278437262247201,
    0.5236576176764177,
    0.5409319026418773,
    0.5318358048336299,
    0.533927263810016,
    0.5353011877380713,
    0.5331382013586358,
    0.5271927407106575,
    0.5330700966774115,
    0.52645786145878,
    0.5321483079437715,
    0.5216109011039664,
    0.5264202871185821,
    0.530310152538577,
    0.5318625141316258,
    0.5167357269924601,
    0.5220206846591265,
    0.5341626620747674,
    0.5378236310859136,
    0.5265561066206407,
    0.531421567038377,
    0.53283639341297,
    0.5393346201008014,
    0.542109082964318,
    0.5369101254417271,
    0.5472793803500658,
    0.5315747674807025,
    0.5344920852694003,
    0.5323851491176858,
    0.5276617724582021,
    0.528561745914139,
    0.5355187469551441,
    0.5300918891429958,
    0.526063504324304,
    0.5361166892685058,
    0.5315340764859116,
    0.534655989578313,
    0.5347561651723272,
    0.5348519386098748,
    0.5306516151414119,
    0.5457206006721423,
    0.5382054812189633,
    0.54249626305972,
    0.5366059125225414,
    0.5369180166609984,
    0.5365147486910705,
    0.5390812920511953,
    0.5369725802079656,
    0.5418579063985544,
    0.5304568991326143,
    0.5345903654707099,
    0.5347543949633281,
    0.5409271584338791,
    0.5398399439563218,
    0.5306098702177802,
    0.5373071636473125,
    0.5378580809122677,
    0.5381231243326702,
    0.5407749956020002,
    0.5380220366316523,
    0.5374126604122356,
    0.539713437445286,
    0.5422390171154882,
    0.5397825964553605,
    0.5365237072194512,
    0.5380441600176901
  ]
}