{
  "model": "tcn_ssm",
  "checkpoint": "train/checkpoints/exp3x_tcn_ssm_sanity_best.pt",
  "best_epoch": 1,
  "val_batches": 2,
  "val_samples": 9,
  "mask_ratio": 0.3,
  "weighted_loss_model": 0.6563776731491089,
  "weighted_loss_zero": 0.5072229206562042,
  "ecg": {
    "mae_model": 0.8364007472991943,
    "mae_zero": 0.8273594379425049,
    "rmse_model": 1.1125928163528442,
    "rmse_zero": 1.1105968952178955,
    "corr_model": -0.02109322772746113,
    "corr_zero": 0.0,
    "grad_mae_model": 0.7480194568634033,
    "grad_mae_zero": 0.7481247782707214
  },
  "rppg": {
    "mae_model": 0.8443875908851624,
    "mae_zero": 0.8645113706588745,
    "rmse_model": 1.007210612297058,
    "rmse_zero": 1.0297731161117554,
    "corr_model": 0.4279661425252236,
    "corr_zero": 0.0,
    "grad_mae_model": 0.09373271465301514,
    "grad_mae_zero": 0.09413716942071915
  },
  "corr_clean_vs_model_err": -0.38231268123825446,
  "corr_clean_vs_zero_err": -0.4335739832335784
}