{
  "args": {
    "models": "unet_gated,dual_head,tcn_ssm,cross_attention",
    "epochs": 1,
    "batch_size": 8,
    "lr": 0.001,
    "seed": 42,
    "val_ratio": 0.2,
    "window_sec": 3.0,
    "step_sec": 1.0,
    "target_length": 256,
    "mask_ratio": 0.3,
    "mask_block_min": 8,
    "mask_block_max": 32,
    "context_weight": 0.2,
    "ecg_point_weight": 1.25,
    "rppg_point_weight": 1.0,
    "grad_loss_weight": 0.1,
    "ecg_fft_loss_weight": 0.02,
    "max_patients": 20,
    "max_windows_per_patient": 4,
    "max_train_batches": 2,
    "max_val_batches": 1
  },
  "results": [
    {
      "model": "tcn_ssm",
      "params": 248386,
      "train_loss": 0.571301132440567,
      "val_loss": 0.5947038531303406,
      "val_ecg_mae": 0.777499794960022,
      "val_rppg_mae": 0.872809886932373,
      "seconds": 0.09148621559143066
    },
    {
      "model": "unet_gated",
      "params": 210826,
      "train_loss": 0.5253652632236481,
      "val_loss": 0.6125141382217407,
      "val_ecg_mae": 0.7027758359909058,
      "val_rppg_mae": 0.9234992861747742,
      "seconds": 0.10641908645629883
    },
    {
      "model": "dual_head",
      "params": 246370,
      "train_loss": 0.5884014070034027,
      "val_loss": 0.6149688959121704,
      "val_ecg_mae": 0.7375690340995789,
      "val_rppg_mae": 0.8683761358261108,
      "seconds": 0.06033039093017578
    },
    {
      "model": "cross_attention",
      "params": 185250,
      "train_loss": 0.5481885075569153,
      "val_loss": 0.623170018196106,
      "val_ecg_mae": 0.865230917930603,
      "val_rppg_mae": 0.754721462726593,
      "seconds": 0.08773207664489746
    }
  ],
  "best_model_by_val_loss": "tcn_ssm"
}