{
  "model": "unet_gated",
  "checkpoint": "d:\\HealthMirrorFiles\\rPPG-data-local-inference\\train\\checkpoints\\exp3x_unet_gated_best.pt",
  "best_epoch": 59,
  "val_batches": 114,
  "val_samples": 3640,
  "mask_ratio": 0.5,
  "weighted_loss_model": 0.20346948203810475,
  "weighted_loss_zero": 0.4321792347912203,
  "ecg": {
    "mae_model": 0.4705601930618286,
    "mae_zero": 0.6516081690788269,
    "rmse_model": 0.7660199403762817,
    "rmse_zero": 1.0014903545379639,
    "corr_model": 0.6447847798637896,
    "corr_zero": 0.0,
    "grad_mae_model": 0.36756283044815063,
    "grad_mae_zero": 0.3897360861301422
  },
  "rppg": {
    "mae_model": 0.25302985310554504,
    "mae_zero": 0.8645603656768799,
    "rmse_model": 0.3871898353099823,
    "rmse_zero": 1.0014346837997437,
    "corr_model": 0.9222895170497489,
    "corr_zero": 0.0,
    "grad_mae_model": 0.06787209957838058,
    "grad_mae_zero": 0.11090995371341705
  },
  "corr_clean_vs_model_err": -0.2613671507952389,
  "corr_clean_vs_zero_err": 0.02594190912587509
}